,pattern.name,Family,sequence.name,strand,score,p.value,q.value,matched.sequence,fasta,start,stop,name
3,Phvul.001G068200,MIKC_MADS,256,+,11.0635,5.82E-05,0.35,ctaaaaaaggcaat,>Phvul.001G068200,-266,-253,Phvul.001G06820011.0635
,,,,,,,,,ctaaaaaaggcaat,,,
4,Phvul.001G068200,MIKC_MADS,255,+,10.127,9.95E-05,0.35,ctaaaaatggcaat,>Phvul.001G068200,-266,-253,Phvul.001G06820010.127
,,,,,,,,,ctaaaaatggcaat,,,
5,Phvul.001G068200,MIKC_MADS,249,+,10.127,9.95E-05,0.35,ctaaaaatggcaat,>Phvul.001G068200,-266,-253,Phvul.001G06820010.127
,,,,,,,,,ctaaaaatggcaat,,,
6,Phvul.001G068200,MIKC_MADS,253,+,10.127,9.95E-05,0.35,ctaaaaatggcaat,>Phvul.001G068200,-266,-253,Phvul.001G06820010.127
,,,,,,,,,ctaaaaatggcaat,,,
7,Phvul.001G068200,MIKC_MADS,G19,+,10.127,9.95E-05,0.35,CTAAAAATGGCAAT,>Phvul.001G068200,-266,-253,Phvul.001G06820010.127
,,,,,,,,,CTAAAAATGGCAAT,,,
8,Phvul.002G147600,MIKC_MADS,256,-,12.5079,1.85E-05,0.0571,TATTGCCTTTTTTAG,>Phvul.002G147600,-266,-252,Phvul.002G14760012.5079
,,,,,,,,,TATTGCCTTTTTTAG,,,
9,Phvul.002G147600,MIKC_MADS,255,-,11.8889,2.54E-05,0.0571,TATTGCCATTTTTAG,>Phvul.002G147600,-266,-252,Phvul.002G14760011.8889
,,,,,,,,,TATTGCCATTTTTAG,,,
10,Phvul.002G147600,MIKC_MADS,253,-,11.8889,2.54E-05,0.0571,TATTGCCATTTTTAG,>Phvul.002G147600,-266,-252,Phvul.002G14760011.8889
,,,,,,,,,TATTGCCATTTTTAG,,,
11,Phvul.002G147600,MIKC_MADS,G19,-,11.8889,2.54E-05,0.0571,TATTGCCATTTTTAG,>Phvul.002G147600,-266,-252,Phvul.002G14760011.8889
,,,,,,,,,TATTGCCATTTTTAG,,,
12,Phvul.002G147600,MIKC_MADS,249,-,11.8889,2.54E-05,0.0571,TATTGCCATTTTTAG,>Phvul.002G147600,-266,-252,Phvul.002G14760011.8889
,,,,,,,,,TATTGCCATTTTTAG,,,
13,Phvul.002G172300,MIKC_MADS,255,+,14.5224,3.95E-06,0.0169,ctaaaaatggcaa,>Phvul.002G172300,-266,-254,Phvul.002G17230014.5224
,,,,,,,,,ctaaaaatggcaa,,,
14,Phvul.002G172300,MIKC_MADS,249,+,14.5224,3.95E-06,0.0169,ctaaaaatggcaa,>Phvul.002G172300,-266,-254,Phvul.002G17230014.5224
,,,,,,,,,ctaaaaatggcaa,,,
15,Phvul.002G172300,MIKC_MADS,253,+,14.5224,3.95E-06,0.0169,ctaaaaatggcaa,>Phvul.002G172300,-266,-254,Phvul.002G17230014.5224
,,,,,,,,,ctaaaaatggcaa,,,
16,Phvul.002G172300,MIKC_MADS,G19,+,14.5224,3.95E-06,0.0169,CTAAAAATGGCAA,>Phvul.002G172300,-266,-254,Phvul.002G17230014.5224
,,,,,,,,,CTAAAAATGGCAA,,,
17,Phvul.002G172300,MIKC_MADS,256,+,14.3433,4.71E-06,0.0169,ctaaaaaaggcaa,>Phvul.002G172300,-266,-254,Phvul.002G17230014.3433
,,,,,,,,,ctaaaaaaggcaa,,,
18,Phvul.003G039200,MIKC_MADS,G19,+,12.8966,1.57E-05,0.0551,CTAAAAATGGCA,>Phvul.003G039200,-266,-255,Phvul.003G03920012.8966
,,,,,,,,,CTAAAAATGGCA,,,
19,Phvul.003G039200,MIKC_MADS,249,+,12.8966,1.57E-05,0.0551,ctaaaaatggca,>Phvul.003G039200,-266,-255,Phvul.003G03920012.8966
,,,,,,,,,ctaaaaatggca,,,
20,Phvul.003G039200,MIKC_MADS,255,+,12.8966,1.57E-05,0.0551,ctaaaaatggca,>Phvul.003G039200,-266,-255,Phvul.003G03920012.8966
,,,,,,,,,ctaaaaatggca,,,
24,Phvul.003G039200,MIKC_MADS,253,+,12.8966,1.57E-05,0.0551,ctaaaaatggca,>Phvul.003G039200,-266,-255,Phvul.003G03920012.8966
,,,,,,,,,ctaaaaatggca,,,
25,Phvul.003G039200,MIKC_MADS,256,+,10.4397,9.34E-05,0.155,ctaaaaaaggca,>Phvul.003G039200,-266,-255,Phvul.003G03920010.4397
,,,,,,,,,ctaaaaaaggca,,,
30,Phvul.005G035900,MIKC_MADS,256,-,9.01587,8.35E-05,0.35,ATTGCCTTTTTTAGTTATG,>Phvul.005G035900,-271,-253,Phvul.005G0359009.01587
,,,,,,,,,ATTGCCTTTTTTAGTTATG,,,
31,Phvul.005G035900,MIKC_MADS,255,-,8.5873,9.97E-05,0.35,ATTGCCATTTTTAGTTATG,>Phvul.005G035900,-271,-253,Phvul.005G0359008.5873
,,,,,,,,,ATTGCCATTTTTAGTTATG,,,
32,Phvul.005G035900,MIKC_MADS,249,-,8.5873,9.97E-05,0.35,ATTGCCATTTTTAGTTATG,>Phvul.005G035900,-271,-253,Phvul.005G0359008.5873
,,,,,,,,,ATTGCCATTTTTAGTTATG,,,
33,Phvul.005G035900,MIKC_MADS,253,-,8.5873,9.97E-05,0.35,ATTGCCATTTTTAGTTATG,>Phvul.005G035900,-271,-253,Phvul.005G0359008.5873
,,,,,,,,,ATTGCCATTTTTAGTTATG,,,
38,Phvul.005G035900,MIKC_MADS,G19,-,8.5873,9.97E-05,0.35,ATTGCCATTTTTAGTTATG,>Phvul.005G035900,-271,-253,Phvul.005G0359008.5873
,,,,,,,,,ATTGCCATTTTTAGTTATG,,,
41,Phvul.006G169600,MIKC_MADS,G19,-,14.3824,5.42E-06,0.0234,ATATTGCCATTTTTAGTTA,>Phvul.006G169600,-269,-251,Phvul.006G16960014.3824
,,,,,,,,,ATATTGCCATTTTTAGTTA,,,
42,Phvul.006G169600,MIKC_MADS,255,-,14.3824,5.42E-06,0.0234,ATATTGCCATTTTTAGTTA,>Phvul.006G169600,-269,-251,Phvul.006G16960014.3824
,,,,,,,,,ATATTGCCATTTTTAGTTA,,,
43,Phvul.006G169600,MIKC_MADS,249,-,14.3824,5.42E-06,0.0234,ATATTGCCATTTTTAGTTA,>Phvul.006G169600,-269,-251,Phvul.006G16960014.3824
,,,,,,,,,ATATTGCCATTTTTAGTTA,,,
44,Phvul.006G169600,MIKC_MADS,253,-,14.3824,5.42E-06,0.0234,ATATTGCCATTTTTAGTTA,>Phvul.006G169600,-269,-251,Phvul.006G16960014.3824
,,,,,,,,,ATATTGCCATTTTTAGTTA,,,
57,Phvul.006G169600,MIKC_MADS,256,-,14,7.48E-06,0.0258,ATATTGCCTTTTTTAGTTA,>Phvul.006G169600,-269,-251,Phvul.006G16960014
,,,,,,,,,ATATTGCCTTTTTTAGTTA,,,
61,Phvul.008G183700,MIKC_MADS,256,-,10.746,5.14E-05,0.236,TTGCCTTTTTTAGTT,>Phvul.008G183700,-268,-254,Phvul.008G18370010.746
,,,,,,,,,TTGCCTTTTTTAGTT,,,
64,Phvul.008G183700,MIKC_MADS,255,-,10.127,6.86E-05,0.236,TTGCCATTTTTAGTT,>Phvul.008G183700,-268,-254,Phvul.008G18370010.127
,,,,,,,,,TTGCCATTTTTAGTT,,,
65,Phvul.008G183700,MIKC_MADS,249,-,10.127,6.86E-05,0.236,TTGCCATTTTTAGTT,>Phvul.008G183700,-268,-254,Phvul.008G18370010.127
,,,,,,,,,TTGCCATTTTTAGTT,,,
66,Phvul.008G183700,MIKC_MADS,253,-,10.127,6.86E-05,0.236,TTGCCATTTTTAGTT,>Phvul.008G183700,-268,-254,Phvul.008G18370010.127
,,,,,,,,,TTGCCATTTTTAGTT,,,
67,Phvul.008G183700,MIKC_MADS,G19,-,10.127,6.86E-05,0.236,TTGCCATTTTTAGTT,>Phvul.008G183700,-268,-254,Phvul.008G18370010.127
,,,,,,,,,TTGCCATTTTTAGTT,,,
79,Phvul.009G013900,MIKC_MADS,255,+,14.806,4.37E-06,0.0187,aactaaaaatggcaa,>Phvul.009G013900,-268,-254,Phvul.009G01390014.806
,,,,,,,,,aactaaaaatggcaa,,,
88,Phvul.009G013900,MIKC_MADS,249,+,14.806,4.37E-06,0.0187,aactaaaaatggcaa,>Phvul.009G013900,-268,-254,Phvul.009G01390014.806
,,,,,,,,,aactaaaaatggcaa,,,
99,Phvul.009G013900,MIKC_MADS,253,+,14.806,4.37E-06,0.0187,aactaaaaatggcaa,>Phvul.009G013900,-268,-254,Phvul.009G01390014.806
,,,,,,,,,aactaaaaatggcaa,,,
100,Phvul.009G013900,MIKC_MADS,G19,+,14.806,4.37E-06,0.0187,AACTAAAAATGGCAA,>Phvul.009G013900,-268,-254,Phvul.009G01390014.806
,,,,,,,,,AACTAAAAATGGCAA,,,
101,Phvul.009G013900,MIKC_MADS,256,+,14,8.18E-06,0.028,aactaaaaaaggcaa,>Phvul.009G013900,-268,-254,Phvul.009G01390014
,,,,,,,,,aactaaaaaaggcaa,,,
102,Phvul.010G087900,MIKC_MADS,256,+,14.7302,4.74E-06,0.0158,taactaaaaaaggcaatat,>Phvul.010G087900,-269,-251,Phvul.010G08790014.7302
,,,,,,,,,taactaaaaaaggcaatat,,,
103,Phvul.010G087900,MIKC_MADS,255,+,14.6349,5.02E-06,0.0158,taactaaaaatggcaatat,>Phvul.010G087900,-269,-251,Phvul.010G08790014.6349
,,,,,,,,,taactaaaaatggcaatat,,,
104,Phvul.010G087900,MIKC_MADS,249,+,14.6349,5.02E-06,0.0158,taactaaaaatggcaatat,>Phvul.010G087900,-269,-251,Phvul.010G08790014.6349
,,,,,,,,,taactaaaaatggcaatat,,,
105,Phvul.010G087900,MIKC_MADS,253,+,14.6349,5.02E-06,0.0158,taactaaaaatggcaatat,>Phvul.010G087900,-269,-251,Phvul.010G08790014.6349
,,,,,,,,,taactaaaaatggcaatat,,,
106,Phvul.010G087900,MIKC_MADS,G19,+,14.6349,5.02E-06,0.0158,TAACTAAAAATGGCAATAT,>Phvul.010G087900,-269,-251,Phvul.010G08790014.6349
,,,,,,,,,TAACTAAAAATGGCAATAT,,,